[
	{
		"id": "1686976845415",
		"title": "Smart TV",
		"description": "Televisor inteligente 4K",
		"code": "SMTV4K",
		"price": 210000,
		"status": true,
		"stock": 4,
		"category": "Electrónicos",
		"thumbnail": "thumb1"
	},
	{
		"id": "1686976845425",
		"title": "Smartphone",
		"description": "Celular inteligente",
		"code": "SMTPH",
		"price": 90000,
		"status": true,
		"stock": 12,
		"category": "Electrónicos",
		"thumbnail": "thumb2"
	},
	{
		"id": "1686976845427",
		"title": "Playstation 5",
		"description": "Consola de videojuegos",
		"code": "SNYPS5",
		"price": 550000,
		"status": true,
		"stock": 5,
		"category": "Electrónicos",
		"thumbnail": "thumb3"
	},
	{
		"id": "1686978366630",
		"title": "PUT product",
		"description": "Producto actualizado con método PUT",
		"code": "PUT",
		"price": 10,
		"status": true,
		"stock": 100,
		"category": "Otros",
		"thumbnail": "none"
	},
	{
		"id": "1686980777400",
		"title": "POST product",
		"description": "Producto creado con método POST",
		"code": "POST",
		"price": 10,
		"status": true,
		"stock": 100,
		"category": "Otros",
		"thumbnail": "none"
	}
]
